{
  "PFD": {
    "mean": 0.002551391491596329,
    "sd": 0.000123456789,
    "median": 0.0025,
    "q2_5": 0.0023,
    "q97_5": 0.0028
  },
  "SR_Total_Remained_Defect": {
    "mean": 15.234567890123456,
    "sd": 2.345678901234567,
    "median": 15.0,
    "q2_5": 11.0,
    "q97_5": 20.0
  },
  "SD_Total_Remained_Defect": {
    "mean": 12.876543210987654,
    "sd": 1.876543210987654,
    "median": 12.5,
    "q2_5": 9.5,
    "q97_5": 16.5
  },
  "IM_Total_Remained_Defect": {
    "mean": 8.765432109876542,
    "sd": 1.234567890123456,
    "median": 8.5,
    "q2_5": 6.5,
    "q97_5": 11.5
  },
  "ST_Total_Remained_Defect": {
    "mean": 5.43210987654321,
    "sd": 0.876543210987654,
    "median": 5.2,
    "q2_5": 3.8,
    "q97_5": 7.2
  },
  "IC_Total_Remained_Defect": {
    "mean": 2.109876543210987,
    "sd": 0.43210987654321,
    "median": 2.0,
    "q2_5": 1.3,
    "q97_5": 3.0
  }
}